{"best_score": 200.39001513195996, "last_score": 200.39001513195996}