{"best_score": 203.13446481979477, "last_score": 203.13446481979477}