{"best_score": -130.67281822090496, "last_score": -184.42235084394534}