{"best_score": 200.28867558824572, "last_score": 200.28867558824572}